ID,Nitrogen,Phosphorus,Potassium,Chlorophyll
1,2.96,0.22,1.78,476.6
2,3.11,0.48,2.74,492.17
3,2.94,0.39,2.45,428.91
4,3.62,0.41,1.94,554.8
5,2.48,0.27,1.41,425.94
6,2.55,0.35,2.27,584.36
7,3.35,0.55,2.28,528.39
8,2.87,0.32,1.95,530.21
9,3.17,0.45,2.47,421.68
10,1.77,0.27,1.58,333.16
11,2.29,0.23,1.55,353
12,3.44,0.41,2.42,538.51
13,3.61,0.6,2.76,529.97
14,3.35,0.43,3.31,582.27
15,2.49,0.29,2.34,511.51
16,2.23,0.26,2.04,433.11
17,2.95,0.57,3.96,545.09
18,3.65,0.56,2.31,588.51
19,3.01,0.3,2.95,521.27
20,3.49,0.26,2.84,562.67
21,3.35,0.45,3.08,583.84
22,3.96,0.38,3.06,581.62
23,2.53,0.32,2.21,440.08
24,2.4,0.3,2.31,425.89
25,3.77,0.46,2.55,495.08
26,4.17,0.64,3.93,513.86
27,2.72,0.4,2.41,524.23
28,3.15,0.46,2.28,499.21
29,3.65,0.36,2.86,575.38
30,3.11,0.39,2.15,461.41
31,3.1,0.41,2.71,435.69
32,3,0.44,2.98,489.1
33,2,0.25,1.57,370.41
34,4.15,0.46,2.65,599.89
35,2.39,0.38,1.25,456.07
36,4,0.3,2.45,589.21
37,3.14,0.36,2.53,545.8
38,3.31,0.46,2.45,410.09
39,2.06,0.25,1.84,305.62
40,2.46,0.25,2.3,351.54
41,3.06,0.33,2.62,457.52
42,2.89,0.47,1.85,378.03
43,3.75,0.57,1.83,619.28
44,3.1,0.37,2.17,515.79
45,3.73,0.43,2.58,653.58
46,2.96,0.32,2.22,512.27
47,3.17,0.71,2.28,521.01
48,4.11,0.61,2.78,565.72
49,4.17,0.42,2.42,609.54
50,3.31,0.47,2.53,474.48
51,2.77,0.43,3.66,551.63
52,3.15,0.29,1.5,536.89
53,3.13,0.32,2.39,580.22
54,2.58,0.48,3.24,597.17
55,2.28,0.24,1.84,338.9
56,2.36,0.26,2.1,419.06
57,4.21,0.57,3.02,542.22
58,3.25,0.3,1.83,493.93
59,3.25,0.3,1.83,516.52
60,3.56,0.64,2.31,591.81
61,2.91,0.79,3.8,553.03
62,2.84,0.35,2.25,460.98
63,2.95,0.47,2.6,447
64,3.46,0.51,2.95,598.66
65,2.92,0.38,2,561.23
66,4.17,0.54,2.49,637.74
67,3.12,0.32,2.31,580.54
68,3.48,0.55,3.03,546.14
69,2.72,0.5,2.38,376.3
70,3.18,0.38,2.54,597.67
71,3.2,0.51,2.63,465.33
72,3.5,0.54,2.47,556.53
73,2.89,0.23,2.37,524.96
74,3.05,0.42,3.51,304.01
75,3.55,0.41,2.68,547.3
76,3.74,0.42,2.38,610.12
77,4.12,0.46,2.51,525.88
78,3.03,0.4,1.73,586.96
79,3.46,0.4,2.94,585.84
80,3.66,0.5,2.35,528.26
81,3.37,0.56,2.45,519.33
82,2.92,0.35,3.08,600.46
83,3.61,0.56,2.55,616.38
84,2.94,0.41,2.96,554.77
85,3.49,0.62,2.56,608.56
86,1.87,0.32,1.61,402.94
87,3.16,0.32,2.99,574.97
88,2.9,0.33,2.81,482.97
89,2.57,0.28,2.32,471.96
90,3.48,0.38,1.68,559.33
91,3.1,0.34,2.22,533.53
92,3.05,0.41,2.42,462.34
93,3.25,0.42,2.08,527.02
94,2.9,0.27,2.1,535.12
95,2.49,0.52,3.33,258.99
96,2.58,0.25,2.38,307.36
97,3.54,0.44,2.49,626.48
98,3.1,0.36,3.66,613
99,2.09,0.18,2.1,299.83
100,3.25,0.44,3.05,256.53
101,3.94,0.51,3.3,258.89
102,3.28,0.28,1.82,498.61
103,3.51,0.34,1.28,622.06
104,3.17,0.49,2.92,616.87
105,3.24,0.54,2.99,501
106,2.91,0.29,4.55,451.17
107,3.77,0.44,2.41,391.81
108,2.83,0.37,1.7,535.97
109,3.74,0.46,1.95,547.57
110,3.5,0.75,3.13,544.96
111,3.7,0.7,2.64,561.11
112,1.99,0.26,1.58,404.57
113,3.45,0.68,4.08,509.29
114,3.14,0.85,2.32,548.86
115,3.48,0.47,3.4,422.28
116,3.86,0.46,2.69,538.4
117,3.94,0.83,3.11,615.76
118,3.63,0.65,2.31,505.04
119,2.73,0.36,2.14,433.63
120,3.25,0.43,2.76,392.54
121,2.97,0.45,2.58,372.1
122,3.19,0.65,2.73,454.71
123,4.11,0.32,3.14,584.17
124,3.35,0.47,2.49,520.8
125,2.99,0.43,2.79,320.84
126,3.14,0.3,2.29,468.57
127,3.98,0.56,2.68,579.52
128,3.76,0.43,3.57,595.37
129,2.8,0.24,2.15,526.43
130,2.65,0.32,1.82,460.23
131,3.55,0.39,2.83,509.39
132,2.81,0.39,2.08,484.32
133,3.71,0.42,2.64,401.27
134,3.31,0.24,1.69,482.58
135,3.42,0.46,2.1,512.51
136,3.71,0.63,2.78,382.72
137,4.07,0.3,1.91,617.5
138,3.33,0.37,2.73,588.91
139,2.82,0.27,2.34,459.72
140,3.45,0.37,3.09,494.4
141,3.51,0.73,3.47,458.33
142,2.39,0.42,2.41,424.5
143,1.27,0.24,1.8,107.9
144,2.94,0.59,2.42,532.44
146,1.76,0.34,2.35,218.44
148,1.58,0.42,2.16,237.26
149,1.92,0.38,2.5,199.43
150,1.55,0.28,2.77,219.23
151,1.55,0.28,2.77,219.23
152,1.92,0.38,2.5,199.43
169,1.58,0.29,2.39,211.31
172,1.9,0.34,2.88,312.03
173,2.99,0.45,2.03,482.37
175,2.21,0.28,2.32,332.29
177,2.22,0.61,2.41,351.12
180,1.37,0.47,2.34,201.62
182,2.52,0.41,2.13,444.84
184,1.84,0.46,1.6,302.52
185,1.42,0.29,2.05,237.83
188,1.48,0.25,2.05,235.39
190,1.99,0.42,2.24,324.74
192,1.66,0.32,2.36,314.19
194,1.87,0.32,1.83,315.81
195,1.5,0.26,2.65,253.41
197,1.55,0.27,2.65,226.6
200,1.93,0.31,1.86,312.46
201,1.49,0.26,2.07,269.21
203,1.57,0.41,2.24,223.13
206,1.7,0.35,2.21,198.58
208,2.09,0.39,2.15,290.23
210,1.97,0.32,3.32,278.17
211,1.41,0.27,2.58,198.24
214,1.45,0.26,2.87,225.31
215,1.44,0.29,2.18,230.63
218,1.1,0.24,2.38,160.17
220,1.79,0.33,2.89,309.71
222,1.31,0.28,2.83,210.38
224,1.48,0.35,3.06,194.21
225,1.92,0.42,2.59,231.91
228,1.52,0.3,2.63,244.19
229,1.66,0.33,2.77,263.61
232,1.19,0.32,2.57,176.44
234,1.8,0.3,2.33,351.42
236,1.71,0.24,2.32,282.55
237,1.73,0.32,2.79,203.1
240,1.57,0.26,2.76,198.52
242,2.26,0.61,2.6,421.08
244,1.66,0.34,2.4,213.72
245,1.4,0.36,3.11,242.78
247,1.47,0.29,2.05,230.59
249,2.05,0.44,2.03,344.31
251,2.47,0.41,2.69,346.27
254,1.81,0.24,2.79,299.16
255,1.36,0.21,1.76,204.69
256,1.94,0.3,2.25,287.14
257,1.53,0.25,1.91,290.09
258,1.68,0.26,2.98,292.43
259,1.31,0.23,1.9,207.46
260,2.21,0.32,1.74,363.87
261,1.79,0.32,2.41,324.68
262,1.6,0.24,1.68,274.22
263,1.57,0.27,2.13,271.17
264,2.91,0.45,2.48,512.97
265,2.32,0.28,1.77,292.77
266,2.53,0.51,2.17,460.77
267,1.66,0.26,1.83,248.28
268,1.84,0.29,1.6,416.92
269,1.6,0.26,2.25,287.52
270,1.77,0.32,1.64,320.56
271,2.06,0.37,2.17,348.49
272,1.63,0.21,1.42,251.78
273,1.78,0.23,1.85,387.4
274,2.21,0.34,1.82,374.86
275,1.88,0.23,2.03,286.98
276,1.77,0.26,1.79,269.42
277,2.14,0.26,2.57,312.69
278,1.89,0.25,2.33,303.82
279,2.41,0.4,2.66,196.23
280,1.88,0.37,2.65,274.68
281,1.62,0.3,2.36,204.9
282,1.94,0.29,2.47,260.48
283,1.84,0.24,1.95,310.69
284,1.75,0.25,2.27,264.58
285,1.59,0.26,2.11,247.86
286,1.56,0.47,3.25,220.49
287,1.69,0.24,2.31,252.13
288,1.98,0.25,2.02,334.04
289,1.26,0.5,2.46,212.59
290,1.98,0.31,3.4,263.2
291,1.27,0.38,3.36,155.53
292,1.86,0.28,2.46,263.3
293,1.44,0.17,2.25,219.51
294,1.81,0.25,2.39,244.79
295,1.81,0.41,2.22,262.52
296,1.93,0.34,2.84,325.17
297,1.8,0.3,2.86,240.9
298,2.92,0.35,2.55,357.8
299,1.5,0.21,2.69,219.5
300,1.72,0.29,2.92,299.84
301,1.38,0.18,2.6,187.16
302,2.17,0.35,2.65,366.67
303,2.3,0.3,2.31,313.4
304,2.26,0.32,2.56,328.38
305,1.97,0.32,2.18,265.68
306,2,0.4,2.16,322.02
307,1.94,0.29,2.14,269.37
308,1.93,0.28,2.01,312.6
309,1.81,0.34,2.28,273.58
310,1.84,0.27,2.31,263.84
311,1.8,0.33,1.89,256.13
312,1.68,0.35,2.37,209.48
313,1.95,0.25,1.96,337.44
314,1.41,0.24,2.05,257.87
315,1.97,0.25,1.5,339.46
316,1.61,0.26,1.93,205.93
317,2.17,0.35,1.79,287.28
318,2.12,0.43,2.4,271.24
319,1.79,0.31,2.15,183.18
320,1.76,0.27,2.36,238.49
321,2.03,0.52,2.54,202.08
322,1.8,0.33,2.39,179.16
323,1.86,0.22,1.8,221.33
324,1.74,0.29,2.33,240.27
325,1.84,0.25,2.11,236.7
326,2.03,0.33,2.3,233.46
327,1.74,0.34,2.15,287.94
328,2.52,0.29,2.45,298.16
329,2.05,0.38,1.98,375.47
330,2.22,0.41,2.5,195.73
331,1.75,0.27,2.66,175.3
332,0.85,0.37,2.18,257.64
333,2.63,0.37,2.17,409.69
334,2.02,0.29,2.99,297.82
335,2.08,0.31,2.13,316.4
336,1.97,0.21,2.06,292.96
337,2.03,0.26,2.08,232.07
338,2.53,0.34,2.75,341.07
339,1.81,0.28,2.94,285.88
340,2.21,0.39,2.31,276.14
341,1.48,0.37,2.92,187.11
342,2.15,0.3,2.44,331.67
343,1.85,0.24,2.5,235.53
344,2.02,0.44,2.81,267.47
345,1.97,0.41,2.9,217.67
346,1.8,0.23,2.79,240.28
347,1.63,0.36,3.1,118.48
348,1.95,0.24,2.76,256.94
349,1.88,0.32,1.99,306.66
350,1.91,0.3,2.17,304.7
351,1.62,0.28,2.22,269.87
352,1.67,0.22,1.88,208.63
353,1.43,0.32,2.45,222.24
354,1.44,0.3,1.97,226.5
355,1.24,0.33,2.3,210.38
356,1.38,0.2,2.02,247.47
357,1.49,0.27,2.36,250.53
358,1.43,0.4,2.91,375.06
359,1.36,0.22,2.46,273.33
360,1.49,0.25,2.18,154.03
361,1.32,0.2,1.95,314.73
362,1.87,0.36,2.48,349.63
363,2.78,0.36,2.35,239.23
364,1.61,0.26,2.04,258.07
365,0.85,0.24,2.16,225.29
366,1.86,0.45,2.48,292.87
367,2.14,0.56,2.18,308.06
368,1.49,0.41,2.46,238.36
369,1.89,0.53,2.88,274.19
370,1.01,0.38,2.19,277.54
371,1.07,0.32,2.4,228.21
372,1.59,0.34,1.94,277.09
373,1.45,0.24,1.86,297.46
374,1.5,0.34,2.6,232.72
375,1.22,0.33,2.97,186.31
376,0.99,0.33,2.84,180.83
377,1.05,0.38,3.13,179.14
378,1.23,0.32,2.72,227.23
379,0.99,0.41,2.3,212.61
380,1.05,0.29,2.69,197.63
381,0.68,0.27,3.08,207.3
382,1.56,0.24,1.92,258.3
383,1.81,0.28,2.95,211.87
384,2.18,0.54,1.86,337.13
385,2,0.3,2.15,363.88
386,1.39,0.34,2.77,192.51
387,1.63,0.31,2.47,252.59
388,1.26,0.23,2.31,190.58
389,1.93,0.37,2.29,310.76
390,1.53,0.26,2.18,264.19
391,1.78,0.42,3.61,231.43
392,1.33,0.32,3.06,201.78
393,1.46,0.27,2.47,261.59
394,1.69,0.33,2.8,222.09
395,1.72,0.36,2.77,221.88
396,1.69,0.21,2.61,281.89
397,1.88,0.3,1.99,328.57
398,1.56,0.44,2.9,241.71
399,1.6,0.27,1.77,258.98
400,1.38,0.24,1.67,211.22
401,1.4,0.24,1.82,242.03
402,1.55,0.24,2.33,198.14
403,1.69,0.42,1.89,224.63
404,1.32,0.27,2.16,205.38
405,1.25,0.24,2.02,213.58
406,1.5,0.28,1.98,325.22
407,1.31,0.24,2.43,180.82
408,1.35,0.21,2,237.74
409,1.1,0.18,1.88,193.04
410,1.6,0.31,1.71,247.28
411,1.57,0.22,1.56,288.4
412,1.36,0.29,1.49,193.27
413,1.41,0.23,2.19,227.14
414,1.81,0.29,2.35,270.56
415,1.48,0.27,1.59,224.33
416,1.54,0.3,2.11,239.89
417,1.51,0.42,1.88,292.21
418,1.51,0.32,2.45,247.82
419,1.77,0.32,2.22,210.54
420,1.18,0.28,2.1,215.98
421,1.25,0.5,2.85,167.72
422,1.71,0.38,2.11,232.69
423,1.62,0.32,2.37,186.08
424,1.56,0.32,2.88,217.88
425,1.55,0.39,2.3,277.74
426,1.55,0.24,2,277
427,1.48,0.33,2.2,249.93
428,1.15,0.26,1.96,224.57
429,1.46,0.32,2.04,208.28
430,1.71,0.43,2.13,230.48
431,1.81,0.46,2.39,246.42
432,1.92,0.43,2.01,314.86
433,1.77,0.46,2.49,282.83
434,1.86,0.41,2.57,287.7
435,2.82,0.43,1.95,378.38
436,2.03,0.32,2.34,326.54
437,1.91,0.4,2.58,295.39
438,1.86,0.33,2.17,346.34
439,1.59,0.24,2.21,258.27
440,1.68,0.34,2.65,234.92
441,1.58,0.31,2.06,233.76
442,1.84,0.43,2.63,243.04
443,1.95,0.25,2.81,285.37
444,1.85,0.38,2.59,229.72
445,1.36,0.37,2.06,220.72
446,1.36,0.29,1.96,217.32
447,1.86,0.31,2.58,228.41
448,1.46,0.53,2.3,256.99
449,1.19,0.25,2.5,117.24
450,1.48,0.33,2.21,204.49
451,1.34,0.39,2.54,159.69
452,1.55,0.28,1.91,254.57
453,1.53,0.34,2.3,245.14
454,1.98,0.34,2.65,195.72
455,1.65,0.37,2.08,237.89
456,1.81,0.26,2.5,215.06
457,1.95,0.31,2.52,236.49
458,1.91,0.31,2.42,262.9
459,2.27,0.54,2.29,337.14
460,1.97,0.35,1.75,326.06
461,1.67,0.4,1.73,232.49
462,1.64,0.37,2.19,237.74
463,2,0.31,2.02,256.94
464,2.02,0.31,2.23,290.02
465,2,0.3,2.43,261.67
466,1.57,0.37,2.29,157.48
467,2.11,0.28,2.01,231.44
468,1.92,0.33,2.18,209.28
469,1.77,0.33,1.51,260.12
470,2,0.32,2.24,281.63
471,1.92,0.35,2.27,251.62
472,1.68,0.25,2.14,227.51
473,1.65,0.26,2.53,216.79
474,1.67,0.23,2.12,229.22
475,1.76,0.32,2.17,251.02
476,2.01,0.5,2.27,242.93
477,1.75,0.29,1.49,270.48
478,2.25,0.39,3,263.57
479,2.04,0.45,2.33,308.71
480,1.5,0.25,2.46,200.58
481,1.81,0.33,1.99,234.42
482,1.76,0.37,2.07,172.58
483,1.92,0.3,1.77,294.29
484,1.94,0.49,2.7,251.31
485,1.83,0.34,2.23,206.81
486,1.75,0.29,1.99,198.56
487,2.08,0.35,1.76,365.63
488,1.88,0.24,2.6,248.42
489,2.03,0.5,2.05,214.48
490,2.79,0.28,2.54,365.9
491,2.4,0.38,3,335.64
492,2.53,0.3,2.3,490.01
493,2,0.28,3.16,326.3
494,2.18,0.32,3.02,353.17
495,2.38,0.33,2.95,406.06
496,2.32,0.38,2.63,352.03
497,2.4,0.34,2.53,368.21
498,2.2,0.3,2.96,314.62
499,2.55,0.32,1.86,412.53
500,2.21,0.38,2.13,314.76
501,2.52,0.31,2.93,395.22
502,2.35,0.34,2.49,359
503,2.16,0.42,2.57,370.92
504,2.59,0.32,2.35,462.88
505,1.79,0.21,2.03,253.8
506,2.87,0.38,2.78,362.97
507,2.74,0.39,2.4,380.81
508,2.35,0.29,2.44,399.26
509,2.53,0.3,3.05,332.42
510,2.53,0.32,2.17,452.87
511,3.13,0.41,2.79,543.54
512,2.05,0.29,2.71,214.32
513,2.55,0.33,2.6,349.24
514,2.02,0.33,2.39,351.16
515,2.06,0.31,2.09,348.69
516,2.02,0.26,2.32,367.86
517,3.14,0.33,2.04,571.69
518,2.13,0.23,1.72,335.96
519,2.73,0.33,2.77,404.57
520,2.4,0.3,2.75,372.26
521,2.58,0.27,2.5,326.49
522,3.25,0.33,2.06,508.84
523,2.6,0.32,2.41,347.1
524,2.46,0.27,3.33,371.89
525,2.24,0.22,3.64,428.56
526,2.69,0.28,2.34,484.06
527,2.97,0.35,2.49,453.76
528,2.83,0.28,2.66,416.43
529,2.29,0.31,2.46,412.77
530,2.25,0.21,3.58,447.22
531,1.63,0.2,2.64,446.82
532,2,0.19,2.33,422.21
533,1.55,0.16,2.63,361.22
534,3.01,0.36,3.06,398.19
535,2.33,0.29,2.1,465.41
536,1.89,0.23,2.95,404.16
537,1.88,0.31,2.65,332.54
538,2.49,0.35,2.84,392.26
539,3.21,0.54,2.72,439.02
540,2.66,0.3,2.41,294.19
541,2,0.38,2.31,284.26
542,2.37,0.4,3.68,397.9
543,3.02,0.48,2.86,404.44
544,2.65,0.41,2.78,306.67
545,2.01,0.28,1.95,380.42
546,2.54,0.3,3.17,321.23
547,2.71,0.35,2.49,331.98
548,2.57,0.31,2.16,437.57
549,2.91,0.38,2.49,435.49
550,2.49,0.33,2.63,303.26
551,2.98,0.34,2.01,412.63
552,3.04,0.41,2.29,559.48
553,2.65,0.46,2.02,360.23
554,2.6,0.35,2.45,391.13
555,2.84,0.32,2.23,454.26
556,2.78,0.34,3.82,459.42
557,2.58,0.28,2.3,470.91
558,2.52,0.34,3.2,397.36
559,2.47,0.31,2.52,307.97
560,2.27,0.39,2.18,291.06
561,3.17,0.41,1.96,343.29
562,2.25,0.24,2.15,391.78
563,2.3,0.3,2.2,347.54
564,2.37,0.27,2.77,339.13
565,2.64,0.29,2.25,441.37
566,2.18,0.26,2.31,367.58
567,2.78,0.31,2.39,524.07
568,2.87,0.36,1.96,386.73
569,3.09,0.4,2.85,401.67
570,2.55,0.34,2.6,355.69
571,2.98,0.4,2.93,374.72
572,2.29,0.27,3.08,356.98
573,2.82,0.27,2.42,496.32
574,2.31,0.25,2.51,386.9
575,2.37,0.35,2.89,357.31
576,3.04,0.32,2.77,440.56
577,2.31,0.23,2.67,352.67
578,2.31,0.21,2.76,391.59
579,2.93,0.33,2.25,383.04
580,2.51,0.44,2.67,359.93
581,2.75,0.36,2.96,391.51
582,2.18,0.22,2.41,411.36
583,2.99,0.4,2.91,429.29
584,2.51,0.26,2.6,439.52
585,2.36,0.41,3.95,399.33
586,2.55,0.33,2.38,391.47
587,2.82,0.37,2.11,449.63
588,2.81,0.41,2.9,440.41
589,2.04,0.25,2.52,374.43
590,1.82,0.28,2.15,366.78
591,1.49,0.21,2.26,356
592,1.48,0.23,3,283.8
593,2.56,0.43,2.43,419.67
594,2.76,0.44,2.44,326.12
595,2.42,0.33,2.35,519.93
596,2.57,0.43,2.33,460.86
597,2.44,0.32,2.48,445.73
598,3.28,0.45,2.55,536.76
599,2.41,0.26,2.13,368.9
600,2.08,0.28,2.14,512.91
601,1.91,0.26,2.42,346.56
602,2.88,0.33,2.32,386.94
603,2.17,0.22,2.2,513.81
604,2.32,0.25,2.12,404.52
605,2.6,0.48,3.11,406.5
606,2.96,0.32,2.23,558.3
607,2.1,0.41,2.55,315.01
608,1.69,0.21,2.62,379.46
609,2.24,0.29,2.3,454.04
610,2.95,0.29,2.47,333.9
611,3.04,0.47,2.4,376.27
612,3.93,0.36,2.13,556.67
613,3.03,0.38,2.34,399.24
614,3.38,0.32,2.43,480.23
615,3.54,0.37,2.14,513.97
616,3.05,0.31,2.61,434.53
617,2.86,0.38,2.61,372.51
618,2.7,0.28,2.6,446.86
619,2.73,0.33,2.22,405.58
620,2.24,0.18,2.39,364.56
621,2.72,0.25,2.25,351.56
622,2.56,0.25,3.44,393.17
623,2.48,0.36,2.67,332.42
624,2.55,0.28,3,422.4
625,2.23,0.23,2.52,340.56
626,2.65,0.29,2.37,308.14
627,3.09,0.25,2.03,417.49
628,3.03,0.44,2.23,410.98
629,2.64,0.32,2.55,417.27
630,3,0.28,2.8,430.21
631,2.89,0.37,2.12,408.57
632,3.11,0.41,2.23,430.7
633,2.77,0.38,2.27,391.77
634,2.92,0.35,2.84,337.29
635,3.28,0.36,2.68,476.66
636,2.63,0.3,2.57,405.97
637,2.59,0.38,2.06,449.61
638,3.05,0.28,2.94,390.96
639,2.75,0.24,1.89,364.92
640,2.68,0.36,1.6,519.62
641,3.52,0.37,1.6,452.83
642,2.62,0.33,1.53,483.54
643,3.15,0.37,2.1,340.99
644,3.14,0.43,2.35,544.44
645,2.4,0.32,1.91,384.99
646,3.08,0.35,1.47,420.01
647,2.45,0.32,2.32,449.93
648,3.63,0.36,2.43,415.39
649,3.07,0.29,2.21,589.07
650,2.87,0.29,2.55,467.34
651,2.66,0.3,3,387.5
652,3.01,0.33,2.87,457.04
653,2.72,0.4,2.37,421.41
654,2.64,0.33,2.13,379.11
655,2.8,0.4,2.16,382.18
656,2.66,0.26,1.98,361.69
657,3.14,0.4,2.54,317.89
658,2.7,0.34,2.26,423.89
659,2.75,0.38,2.06,396.27
660,3.2,0.41,3.02,404.39
661,2.99,0.42,2.42,419.24
662,3.15,0.34,2.25,474.3
663,3.15,0.45,2.49,417
664,2.42,0.31,2.46,372.57
665,3.5,0.4,1.98,544.19
666,2.6,0.38,3.21,398.77
667,2.51,0.29,2.07,397.91
668,2.54,0.31,3.25,370.64
669,2.12,0.21,2.24,330.8
670,2.65,0.38,3.19,388.91
671,2.57,0.26,2.66,433.86
672,2.27,0.33,1.92,421.78
673,1.99,0.25,2.18,333.31
674,2.18,0.4,4.33,272.13
675,2.97,0.35,2.56,486.49
676,2.82,0.28,3.08,465.53
677,2.8,0.33,2.76,400.34
678,3.04,0.3,2.57,429.06
679,2.04,0.43,3.2,298.04
680,1.71,0.24,2.19,272.9
681,1.96,0.33,2.29,198.41
682,1.97,0.28,2.49,313.31
683,2.57,0.31,2.64,418.63
684,1.71,0.26,2.12,326.76
685,2.24,0.4,2.48,418.79
686,1.72,0.36,2.76,212.43
687,2.55,0.49,2.41,412.84
688,2.83,0.33,2.89,363.61
689,2.72,0.29,2.6,348.72
690,2.54,0.27,2.06,458.67
691,2.47,0.41,2.67,416.03
692,3,0.37,1.82,434.94
693,2.79,0.32,2.54,447.62
694,3.29,0.41,1.86,494.02
695,2.51,0.39,2.35,439.67
696,2.83,0.37,1.94,575
697,2.09,0.22,2.4,354.16
698,2.48,0.3,1.94,402.27
699,2.51,0.3,2.52,358
700,2.38,0.27,1.93,475.52
701,2.64,0.35,2.78,383.13
702,2.46,0.29,1.64,427.7
703,2.64,0.31,2.43,404.2
704,2.67,0.28,1.72,414.61
705,2.49,0.27,2.1,369.02
706,2.6,0.32,2.31,503.76
707,2.36,0.29,2.9,323.24
708,3.06,0.48,2.39,367.61
709,2.67,0.36,2.32,412.57
710,2.78,0.35,2.34,371.16
711,3.03,0.35,2.89,536.66
712,2.96,0.29,2.34,487.64
713,2.41,0.32,2.1,354.82
714,2.78,0.29,2.01,471.52
715,2.07,0.34,1.98,377.08
716,2.23,0.29,2.46,425.38
717,2.67,0.31,2.77,459.07
718,2.62,0.38,3.87,347.03
719,2.27,0.26,2.68,465.63
720,2.17,0.24,2.76,483.47
721,2.84,0.39,2.93,358.6
722,2.18,0.25,2.22,351.41
723,2.79,0.27,1.9,534.63
724,2.25,0.36,2.3,366.22
725,2.3,0.27,2.18,409.96
726,2.28,0.33,2.91,282.04
727,2.37,0.35,2.46,324.63
728,2,0.29,2.11,381.32
729,2.28,0.28,2.02,333.4
730,2.25,0.5,2.64,236.19
731,2.26,0.35,2.45,412.12
732,2.25,0.3,3.44,404.9
733,2.08,0.36,2.49,299.28
734,2.2,0.26,2.61,326.42
735,1.88,0.26,2.63,329.52
736,1.91,0.3,2.24,306.22
737,2.5,0.34,2.66,348.49
738,2.47,0.34,2.01,324.09
739,2.78,0.31,2.18,511.02
740,3.33,0.55,2.47,546.99
741,3.2,0.36,1.59,552.06
742,2.98,0.32,1.85,419.53
743,2.63,0.38,2.48,396.56
744,2.02,0.25,2.07,387.91
745,2.93,0.34,2.36,454.2
746,3,0.35,2.66,377.87
747,1.63,0.23,2.13,424.24
748,2.3,0.29,1.95,360.97
749,2.6,0.47,2.54,418.69
750,1.39,0.18,2.02,248.54
751,2.01,0.28,2.46,391.67
752,2.7,0.29,2.32,298.11
753,2.93,0.32,2.26,541.96
754,3.55,0.39,2.4,516.99
755,2.78,0.39,2.54,461.56
756,2.47,0.28,2,377.66
757,3,0.44,2.92,380.08
758,2.6,0.32,2.49,376.36
759,2.65,0.35,2.55,472.34
760,2.68,0.34,2.08,445.61
761,2.57,0.31,2.71,519.34
762,2.37,0.34,3.14,390.99
763,2.78,0.33,2.52,479.58
764,3.1,0.62,2.81,448.06
765,2.13,0.25,2.51,288.38
766,2.37,0.26,2.59,389.86
767,2.12,0.2,2.12,327.53
768,2.53,0.32,2.3,400.6
769,2.98,0.42,2.98,375.53
770,2.5,0.49,2.64,326
771,2.69,0.3,2.63,459.6
772,3.22,0.33,1.67,596.94
773,2.67,0.33,2.23,397.79
774,2.83,0.36,1.96,305.4
775,2.86,0.28,2.32,221.7
776,2.97,0.29,1.56,403.4
777,3.09,0.29,2.28,371.7
778,2.89,0.36,2.21,367.5
779,3.59,0.39,2.29,433.7
780,3.63,0.39,2.42,492.6
781,3.1,0.3,2.16,446.3
782,3.3,0.3,1.85,377.6
783,2.68,0.26,1.9,298
784,3.42,0.34,2.4,494.5
785,3.1,0.28,1.98,390.3
786,3.13,0.27,2.44,402.3
787,2.59,0.28,2.13,333.2
788,3.81,0.34,2.09,483.4
789,3.65,0.32,2.51,451.9
790,2.76,0.24,1.94,354.6
791,3.42,0.29,2.35,421.7
792,3.3,0.3,2.59,320.4
793,2.97,0.28,2.2,426.2
794,2.95,0.2,3.32,424.8
795,3.29,0.28,2.75,268.4
796,3.22,0.27,2.09,478.7
797,3.07,0.25,2.01,398.4
798,3.22,0.28,2.15,461.1
799,2.8,0.26,2.3,336.2
800,3.06,0.3,2.36,408.9
801,3.02,0.25,2.28,424.6
802,3.43,0.3,2.31,444.2
803,3,0.24,1.76,425.7
804,2.92,0.24,2.6,353.5
805,2.6,0.26,2.05,432.8
806,2.93,0.22,2.59,405.5
807,2.84,0.26,1.8,429.1
808,3.25,0.32,2.05,439.8
809,3.03,0.28,2.15,479.9
810,2.91,0.3,2.09,469.6
811,2.9,0.27,2.29,372.8
812,2.73,0.27,1.92,459.2
813,3.1,0.24,2.45,394.1
814,2.55,0.23,2.46,307.5
815,3.29,0.28,1.63,412.6
816,2.79,0.32,1.76,333.8
817,3.61,0.38,1.72,558.6
818,2.89,0.28,2.42,397.7
819,2.96,0.28,2.15,455.7
820,3.09,0.25,2.22,398.1
821,3.14,0.36,1.57,469.5
822,3.1,0.28,1.79,318.5
823,3.02,0.31,1.41,432.8
824,3.1,0.29,2.11,293.5
825,2.96,0.25,1.28,403.6
826,3.09,0.25,2.38,388.2
827,3.33,0.3,1.4,527.4
828,2.84,0.28,1.67,434.7
829,2.53,0.19,2.28,363.5
830,2.93,0.28,2.06,457.5
831,2.91,0.24,2.09,397.4
832,3.2,0.26,2.01,446
833,3.05,0.28,2.25,374.7
834,3,0.26,2.04,444
835,3.28,0.36,2.34,416.1
836,3.31,0.26,2.34,493.1
837,3.05,0.22,3.12,332.6
838,3,0.22,1.91,325
839,2.75,0.28,2.1,389.8
840,3,0.23,2.19,473.5
841,2.62,0.26,1.99,454.5
842,2.61,0.24,2.11,358.7
843,3.1,0.28,2.55,434.4
844,3.2,0.3,1.97,359.8
845,2.95,0.29,1.79,422.3
846,2.86,0.25,1.41,399.6
847,3.13,0.26,2.06,389.7
848,2.8,0.26,1.84,463.7
849,3.03,0.32,2.15,503.9
850,3.11,0.24,1.86,385.9
851,3.21,0.32,1.81,439.4
852,3.39,0.29,2.81,480.8
853,2.96,0.29,1.87,496.6
854,2.66,0.27,2.24,334.1
855,2.8,0.34,2.51,398.53
856,3.13,0.29,1.73,428.6
857,2.79,0.23,2.71,337.7
858,3.23,0.28,1.49,469.9
859,3.51,0.25,1.45,443.1
860,3.15,0.26,2,346.1
861,3.33,0.24,2.36,457.3
862,2.84,0.26,1.78,280
863,3.5,0.27,2.12,448.3
864,3.7,0.33,2.51,451.5
865,3.43,0.29,2.03,462.9
866,2.54,0.28,2.09,237.3
867,3.24,0.28,1.81,430.6
868,3.49,0.36,1.93,499.6
869,2.89,0.24,1.68,419.9
870,3.3,0.36,2.26,388.8
871,2.56,0.17,2.09,353.2
872,3.22,0.22,1.83,420.3
873,3.18,0.31,2.58,436.1
874,3.03,0.23,1.54,408.5
875,2.78,0.27,1.58,371.1
876,2.99,0.28,1.56,447.3
877,2.89,0.27,1.91,479.9
878,2.9,0.25,1.55,429
879,3.37,0.28,2.24,433.5
880,3.34,0.28,2.56,455
881,2.77,0.23,2.06,383.1
882,3.11,0.28,1.96,387.8
883,2.8,0.27,2.01,424.4
884,3.15,0.28,1.69,496.3
885,3.05,0.24,2.03,399.7
886,3.1,0.23,2.16,397.2
887,3.11,0.24,2.03,485.1
888,3.26,0.34,1.91,509
889,3.03,0.32,1.56,470.4
890,3.11,0.28,1.94,442.9
891,2.99,0.24,1.95,550.7
892,3.13,0.25,2.13,462.1
893,3.29,0.29,1.91,508.9
894,3.06,0.26,1.96,399
895,2.9,0.23,2.28,421.9
896,3.29,0.3,2.2,444.8
897,3.28,0.23,2.33,431.5
898,3.45,0.29,1.89,558.7
899,3.06,0.29,2.66,283.7
900,2.77,0.24,2.71,331.7
901,2.92,0.27,2.16,295.2
902,2.94,0.27,2.11,380.3
903,2.97,0.28,2.2,362.6
904,2.98,0.29,1.99,354.6
905,2.62,0.22,2.3,266.9
906,2.79,0.23,1.71,423
907,2.63,0.22,2.2,253.7
908,3.05,0.23,1.75,496.1
909,3.16,0.21,1.99,448.3
910,2.96,0.24,2.06,393.2
911,3.26,0.21,2.36,368.8
912,3.5,0.3,1.88,497.3
913,2.91,0.25,2.56,420.7
914,3.17,0.28,2.22,397.8
915,3.08,0.26,2.78,367.4
916,3.14,0.24,2.22,420.3
917,3.09,0.28,2.25,443.8
918,3.45,0.3,2.23,341.1
919,3.63,0.28,2.37,404.9
920,3.26,0.32,2.25,385.8
921,3.49,0.26,2.94,393.9
922,3.43,0.25,2.47,425
923,3.22,0.25,2.42,342.7
924,3.48,0.28,1.94,423.9
925,3.46,0.26,2.16,475.5
926,4,0.3,2.14,427
927,2.82,0.24,2.13,390.1
928,2.63,0.24,2.13,417.4
929,4.11,0.35,2.87,561.2
930,3.12,0.26,2.4,406.6
931,3.11,0.29,1.89,427.1
932,3.16,0.27,1.91,467.6
933,3.19,0.3,2.92,404.8
934,3.89,0.34,2.1,543.7
935,3.05,0.28,2.11,498.5
936,2.94,0.2,2.6,511.7
937,3.78,0.41,2.78,550.8
938,3.62,0.3,2.21,462.9
939,2.79,0.28,2.22,411.2
940,2.94,0.22,2.35,505.5
941,1.75,0.17,2.45,165.1
942,3.02,0.28,2.26,391
943,2.87,0.24,1.98,335.4
944,2.96,0.27,1.98,384.9
945,2.48,0.21,2.18,255.7
946,3.12,0.25,2.29,349.4
947,2.81,0.2,1.79,391
948,3.15,0.23,1.73,231.1
949,3.32,0.24,1.91,442
950,2.71,0.18,1.73,350.8
951,3.1,0.19,2.08,418.6
952,3.22,0.24,2.15,432.1
953,2.99,0.2,2.16,470.8
954,2.77,0.19,2.19,377.2
955,2.89,0.21,2.46,286.4
956,3.31,0.27,1.91,423.6
957,3.08,0.2,1.91,361
958,2.81,0.19,2.1,403
959,3.13,0.25,2,426.8
960,3.29,0.25,2.09,472.5
961,2.91,0.22,1.79,417.9
962,2.63,0.2,2.23,315.4
963,3.34,0.24,1.74,426.2
964,3.25,0.25,2.22,418.9
965,3.14,0.29,1.66,487.8
966,3.01,0.22,1.9,344.8
967,3.16,0.23,2.12,497.4
968,2.3,0.21,2.05,281.6
969,3.16,0.19,2.25,492.3
970,3.64,0.29,2.93,545.2
971,2.97,0.23,2.57,515.2
972,2.76,0.28,2.33,231.6
973,2.3,0.2,2.2,389.9
974,3.35,0.24,2.07,483.2
975,3.06,0.26,2.31,376.5
976,2.61,0.2,2.37,325.8
977,3.12,0.24,1.91,569.3
978,2.85,0.22,2.1,455.2
979,3.25,0.23,2.06,410.8
980,2.77,0.23,1.83,389.3
981,2.99,0.22,2.06,456.3
982,2.84,0.27,1.98,378.2
983,3.23,0.29,2.17,340.3
984,3.08,0.28,1.53,339.1
985,2.46,0.23,2.31,322.1
986,2.05,0.2,1.76,197.2
987,3.12,0.27,1.94,330.1
988,2.55,0.21,1.9,377.4
989,3,0.26,1.99,453.3
990,3.09,0.25,1.79,463.3
991,2.76,0.24,2.53,389.4
992,2.76,0.25,2.07,308.9
993,2.56,0.22,2.25,380.8
994,3.05,0.25,1.93,442
995,2.76,0.26,2.04,369.1
996,2.72,0.21,2.2,375.7
997,2.97,0.27,2.15,499.1
998,2.77,0.24,2.12,344.5
999,2.97,0.25,1.86,428.2
1000,3.18,0.28,2.21,306.9
1001,3.51,0.3,1.76,479.1
1002,3.07,0.26,2,441.2
1003,2.79,0.26,2.24,357
1004,3.58,0.35,2.73,477.9
1005,2.98,0.26,1.69,397.2
1006,3,0.28,2,404.7
1007,2.21,0.2,2.47,344.5
1008,2.91,0.36,2.74,296.4
1009,3.29,0.33,1.72,431.5
1010,2.83,0.28,1.54,379.3
1011,3.04,0.29,2.59,406.1
1012,3.06,0.28,1.89,349.5
1013,3.55,0.29,1.94,480.3
1014,3.39,0.26,2.06,516
1015,3.13,0.26,2.75,376.3
1016,3.07,0.3,1.97,450.9
1017,3,0.27,2.32,512.7
1018,3.06,0.22,1.98,548.8
1019,2.57,0.22,2.07,472.9
1020,3.13,0.24,2.03,476
1021,3.59,0.27,2.23,539.4
1022,2.6,0.3,1.77,367.2
1023,2.05,0.29,2.31,223.1
1024,2.17,0.29,2.32,206.3
1025,1.67,0.26,1.73,197.1
1026,1.99,0.25,2.28,242.4
1027,1.78,0.24,1.98,307.6
1028,1.79,0.24,2.43,191.2
1029,1.84,0.24,1.84,243.3
1030,1.47,0.18,1.92,223.8
1031,1.44,0.16,2.12,198.1
1032,1.7,0.21,1.79,282
1033,1.76,0.22,1.66,261.1
1034,2.32,0.23,1.77,282.4
1035,2.67,0.29,2.13,350.3
1036,1.96,0.23,2.13,297.1
1037,2.99,0.34,1.97,440.1
1038,2.24,0.29,2.26,238.3
1039,1.68,0.19,2.07,230.6
1040,2.05,0.26,2.4,234.5
1041,1.93,0.27,1.94,287.3
1042,2.51,0.3,1.96,298.2
1043,3.34,0.35,1.94,460.3
1044,2.76,0.32,1.98,385.8
1045,2.81,0.29,2.67,516.5
1046,2.03,0.25,2.34,238
1047,2.16,0.27,1.94,324.8
1048,2.53,0.35,1.31,352.3
1049,2.99,0.38,2.44,422.9
1050,3.37,0.28,1.29,454.6
1051,3.08,0.27,1.86,335.4
1052,3.21,0.31,2.06,458.9
1053,1.97,0.22,1.44,283.1
1054,1.85,0.25,2.02,261.2
1055,2.29,0.26,1.95,276.6
1056,2.38,0.24,2.73,259.5
1057,1.87,0.23,1.86,280.5
1058,2.17,0.23,1.68,364.1
1059,2.82,0.3,1.89,444.9
1060,3.06,0.32,1.97,543
1061,2.77,0.3,1.84,489.6
1062,2.9,0.33,1.73,420.3
1063,3.5,0.35,2.56,481.7
1064,2.05,0.23,1.71,311.4
1065,1.55,0.27,2.4,182.1
1066,1.52,0.25,2.1,224.4
1067,1.35,0.25,2.13,186.4
1068,1.41,0.24,2.06,197.1
1069,1.6,0.23,1.85,251.3
1070,1.92,0.24,2.22,272
1071,1.77,0.24,1.9,262.5
1072,1.69,0.2,2.3,250.7
1073,1.74,0.28,2.3,174.6
1074,1.98,0.25,1.95,244.2
1075,1.88,0.21,1.61,279.9
1076,2.71,0.33,1.83,236.8
1077,2.11,0.21,2.09,269.2
1078,1.65,0.22,1.89,221.5
1079,2.5,0.3,2.05,330.2
1080,2.28,0.26,2.08,299
1081,1.86,0.27,2.08,303.6
1082,1.51,0.21,1.94,230
1083,2.27,0.29,2.05,341.2
1084,2.7,0.36,2.31,427.3
1085,1.93,0.3,2.15,248.6
1086,2.37,0.38,2.36,296
1087,2.15,0.3,2.45,334.9
1088,2.62,0.32,2.52,373.9
1089,2.72,0.31,2.78,365.5
1090,2.45,0.27,1.98,377.1
1091,2.55,0.28,1.82,405.7
1092,2.81,0.37,2.09,398.1
1093,2.6,0.35,1.94,405.3
1094,2.78,0.32,2.07,393.1
1095,2.21,0.22,1.37,349.5
1096,2.58,0.28,1.96,326.5
1097,2.65,0.35,2.39,330.7
1098,2.7,0.27,1.26,486.9
1099,2.64,0.26,1.89,402.1
1100,2.71,0.27,1.63,506.2
1101,1.88,0.24,2.11,342.2
1102,2.22,0.29,2.25,206.9
1103,2.05,0.29,2.1,244.8
1104,2.83,0.28,2.46,457.3
1105,3.38,0.31,2.07,545.6
1106,2.34,0.2,2.21,367
1107,1.63,0.23,2.09,174.5
1108,2,0.27,2.07,263.3
1109,1.58,0.22,2.18,227.1
1110,1.8,0.19,2.11,220.2
1111,2.35,0.32,2.68,375.5
1112,1.75,0.23,2.1,292.1
1113,1.4,0.24,2.16,155.9
1114,2,0.21,1.98,311
1115,1.92,0.23,2.44,241.6
1116,1.86,0.25,2.29,213
1117,2.26,0.24,1.98,269.1
1118,2.43,0.25,2.11,337.7
1119,1.8,0.18,1.73,251.4
1120,2.39,0.26,2.51,274.4
1121,2.64,0.26,1.96,387.1
1122,1.94,0.23,1.98,287.6
1123,1.48,0.2,1.96,215.9
1124,1.68,0.17,2.27,226.2
1125,2.32,0.28,2.46,249.1
1126,2.6,0.32,2.5,336.4
1127,2.36,0.3,2.12,344.1
1128,1.7,0.22,1.72,258.4
1129,3.07,0.28,1.35,443.9
1130,2.2,0.29,1.99,338.2
1131,2.15,0.24,1.73,329.7
1132,2.07,0.24,2.16,260.3
1133,2.13,0.26,1.66,277.2
1134,2.15,0.26,2.11,247.1
1135,3.18,0.26,1.24,392.7
1136,3.4,0.35,2.22,458.7
1137,2.35,0.31,1.18,333.6
1138,1.96,0.27,2.1,287.4
1139,3.01,0.29,1.98,460.4
1140,2.52,0.25,1.47,414.7
1141,2.52,0.26,1.88,339.9
1142,2.02,0.23,1.96,348.2
1143,2.37,0.37,2.44,338.9
1144,2.03,0.22,1.49,289.7
1145,2.64,0.29,1.71,389.4
1146,2.7,0.25,1.81,483.9
1147,2.32,0.26,2.08,368.6
1148,1.56,0.19,1.73,226.1
1149,1.61,0.25,2.02,203.7
1150,1.94,0.27,2.25,240.4
1151,2.18,0.26,2.05,330
1152,2.03,0.23,2.84,298.2
1153,1.84,0.18,3.29,285.5
1154,1.99,0.33,2.4,203.8
1155,2.07,0.25,2.03,339.1
1156,2.06,0.25,3.07,212.3
1157,2.58,0.28,2.07,312.5
1158,2.43,0.29,1.67,327.3
1159,2.64,0.36,2.09,320
1160,2.25,0.28,1.55,366.8
1161,2.47,0.35,1.56,326.9
1162,2.34,0.28,2.57,272.4
1163,2.77,0.34,1.92,349.6
1164,2.3,0.24,1.93,262
1165,2.67,0.27,2.23,419.9
1166,2.14,0.27,1.93,260.2
1167,1.82,0.23,2.4,189.7
1168,1.8,0.23,1.88,302.9
1169,1.23,0.19,1.95,173.5
1170,2.15,0.33,2.16,237
1171,2.14,0.31,1.73,266.6
1172,2.13,0.25,2.31,253.1
1173,2.17,0.25,2.5,342.3
1174,2.72,0.27,1.95,413.7
1175,3.17,0.34,1.98,427.5
1176,2.88,0.31,1.92,417.1
1177,2.62,0.29,2.7,252.7
1178,2.57,0.26,2.01,340.7
1179,2.34,0.31,1.71,351.6
1180,2.75,0.28,1.73,367
1181,2.65,0.31,2.71,265.5
1182,2.45,0.26,2.08,315.7
1183,2.45,0.24,2.41,309.1
1184,2.29,0.3,1.99,335.1
1185,2.37,0.24,2.2,371.3
1186,1.83,0.23,2.02,315.6
1187,2.03,0.2,2.28,328.4
1188,2.74,0.28,2.18,406.5
1189,2.17,0.2,1.86,317.5
1190,2.16,0.22,1.97,236.8
1191,2.12,0.28,1.98,311
1192,1.83,0.26,1.58,275.6
1193,1.99,0.23,1.83,252.6
1194,1.9,0.24,1.92,312.2
1195,1.76,0.23,2.17,295.2
1196,1.63,0.25,2.25,164.8
1197,2.58,0.25,2.38,297.9
1198,2.25,0.27,2.05,328.3
1199,2.28,0.25,2.42,253.6
1200,2.47,0.29,1.69,359.5
1201,2.48,0.27,2.07,271.5
1202,2.01,0.23,1.84,286.2
1203,2.14,0.29,2.13,356.7
1204,2.35,0.37,2.02,289.1
1205,2.6,0.24,1.99,359.9
1206,1.97,0.26,1.92,233.6
1207,2.23,0.22,2.19,236.2
1208,1.68,0.23,1.89,257.3
1209,2.64,0.28,2.34,376.5
1210,2.74,0.27,2.4,374
1211,2.44,0.35,1.8,318.2
1212,2.09,0.25,1.83,343.3
1213,2.48,0.43,2.91,235.1
1214,2.63,0.32,1.93,315.2
1215,2.68,0.3,1.87,335.2
1216,2.21,0.26,1.78,281.3
1217,2.88,0.27,1.86,413.4
1218,2.75,0.36,2.86,260.5
1219,2.44,0.27,1.52,281.3
1220,1.87,0.23,2.03,281.7
1221,1.91,0.23,2,228.8
1222,2.21,0.25,1.91,285.9
1223,2.02,0.22,1.88,320.6
1224,2.02,0.2,2.16,319
1225,2.64,0.33,2.28,414.9
1226,2.82,0.3,2.18,397.7
1227,2.89,0.33,1.96,362.1
1228,3.11,0.33,1.7,452.8
1229,2.04,0.23,2.3,341.8
1230,2.39,0.21,1.91,398.3
1231,1.95,0.22,1.98,348.9
1232,1.25,0.21,1.59,212.5
1233,2.77,0.3,2.57,365.8
1234,2.43,0.32,2.18,264.2
1235,2.26,0.29,2.12,314.8
1236,2.82,0.31,1.73,419.2
1237,1.86,0.23,2.04,270.8
1238,2.03,0.35,1.97,221.9
1239,2.53,0.29,2.04,390.5
1240,2.15,0.27,2,312.7
1241,2,0.28,2.02,287.3
1242,1.59,0.26,2.36,226.9
1243,2.07,0.29,1.83,179.7
1244,2.25,0.28,2.01,328.3
1245,1.9,0.22,2.7,221.2
1246,2.57,0.31,2.21,283.7
1247,2.51,0.29,2.04,378.9
1248,2.41,0.25,2.1,312.1
1249,2.83,0.29,1.61,472.1
1250,2.05,0.26,2.54,267.1
1251,2.05,0.25,1.96,319.3
1252,2.04,0.22,1.99,230.8
1253,3.7,0.37,2.11,497.5
1254,2.08,0.29,1.86,228.9
1255,2.39,0.27,1.99,391.4
1256,1.66,0.24,2.02,262.8
1257,1.54,0.21,1.89,248.7
1258,1.73,0.22,1.74,271.1
1259,2.05,0.24,1.83,298.8
1260,2.43,0.3,2.58,301.6
1261,2.31,0.26,2.12,326.5
1262,2.51,0.32,1.77,377
1263,2.58,0.3,1.8,379.8
1264,2.64,0.25,1.96,420.4
1265,2.18,0.26,2.44,303.5
1266,2.49,0.26,1.96,335
1267,3.29,0.33,2.07,441.6
1268,2.87,0.26,1.74,460.7
1269,2.49,0.25,2.28,425.4
1270,2.62,0.27,1.97,452.4
1271,2.51,0.24,2.48,403.8
